POREWATER,,,,,,,,,,,,,,WATER COLUMN,,,,,,,,,,Solid phase,,,,,,,IAPSO,,,,C14,,,,
"Porewater data: alkalinity (Fig 4), DIC (Fig 5), 13C (Fig 6), Ca (Fig 7), in situ pH (Fig 8), Mn (Fig 9), Omega_calcite (Fig 11), Sr (Fig 12), and Keeling analysis (Fig S.3)",,,,,,,,,,,,,,Water column dataa of dissolved oxygen and omega_calcite (Fig 2) and water column DIC comparison (Fig S.2),,,,,,,,,,Solid phase data from cores (Fig 10),,,,,,,IAPSO seawater standards (Fig S.1),,,,Foram C14  calendar ages (Fig S.4),,,,
Sample ID,Station,Water Column Depth (m),Sediment Depth (cm),Alkalinity (μmol/kg),pH (in situ),Silica (μM),DIC (μmol/kg),𝛿13C of DIC (‰),Mn +2 (μmol/kg),Ca +2 (mM),Sr +2 (mM),Omega_calcite (pH/Alk),,Station,Water Column Depth (m),Pressure (decibars),Temperature (°C),Salinty (ppt),Alkalinity (μmol/kg),pH input (lab),DIC (μmol/kg),Omega_calcite (pH/Alk),,Station,Water Column Depth (m),Sediment Depth (cm),Porosity (%),% CaCO3,% Organic C,,Ca (mmol/kg),Sr (umol/kg),Na (mmol/kg),,Station,Water Column Depth (m),Sediment Depth (cm),Foram species,C14 calendar age (yr)
CR1-1-0,1,3223,0,2437.16,7.724,159,2370.2,-0.02,n.d.,10.31,85.51,0.71,,1,3213.14,3256.05,1.86,34.67,2437.16,7.524,2370.2,0.84,,1,3223,0.5,94.37,0.83,1.11,,10.42,88.6,473.2,,1,3223,15.5,N. dutertrei,10830
CR1-1-01a,1,3223,6,n.d.,n.d.,316.1,2575.6,n.d.,n.d.,n.d.,n.d.,n.d.,,1,3189.49,3231.91,1.86,34.67,2436.5,7.523,n.d.,0.84,,1,3223,1.5,92.72,0.09,0.92,,10.42,88.2,468.4,,1,3223,30.5,N. dutertrei,23557
CR1-1-02,1,3223,7,2603.72,n.d.,310,2607.2,-1.27,0.16,n.d.,n.d.,n.d.,,1,3159.76,3201.56,1.86,34.67,2435.65,7.522,2382.8,0.84,,1,3223,2.5,92.17,0.11,0.87,,10.37,88.2,467.8,,2,2650,0.25,N. dutertrei,859
CR1-1-03,1,3223,8,2554.87,7.521,313.9,2573.1,-1.25,2.72,n.d.,n.d.,0.57,,1,3099.64,3140.2,1.85,34.67,2436.68,7.522,2366.3,0.85,,1,3223,3.5,91.26,0.1,0.92,,10.27,86.2,476.2,,2,2650,8.5,G. ruber,2070
CR1-1-04a,1,3223,9,2623.68,n.d.,299.9,2609,n.d.,n.d.,n.d.,n.d.,n.d.,,1,3050.35,3089.91,1.84,34.67,2434.5,7.523,n.d.,0.86,,1,3223,4.5,89.9,0.12,0.86,,10.23,86,472.8,,2,2650,8.5,T. sacculifer,2519
CR1-1-05,1,3223,10,n.d.,n.d.,n.d.,n.d.,n.d.,n.d.,n.d.,n.d.,n.d.,,1,2975.4,3013.45,1.84,34.67,2438.35,7.522,n.d.,0.88,,1,3223,5.5,88.64,0.37,0.9,,10.37,86,481.1,,2,2650,8.5,N. dutertrei,4538
CR1-1-06,1,3223,18,2778.89,7.571,356.1,2666.1,-1.66,28.18,n.d.,n.d.,0.69,,1,2900.63,2937.21,1.83,34.67,2435.85,7.524,2371.4,0.9,,1,3223,6.5,89.26,0.34,1.09,,10.54,88.5,485,,2,2650,27.5,G. ruber,15851
CR1-1-07a,1,3223,23,2775.3,n.d.,382.7,2734.8,n.d.,n.d.,n.d.,n.d.,n.d.,,1,2800.02,2834.66,1.83,34.67,2436.07,7.522,n.d.,0.91,,1,3223,8,88.62,1.91,1.02,,10.65,88.2,487.8,,2,2650,27.5,N. dutertrei,17171
CR1-1-08,1,3223,28,2712.7,7.636,368.6,2705.6,n.d.,35.11,n.d.,n.d.,0.78,,1,2701.04,2733.82,1.83,34.67,2435.87,7.521,2372.4,0.93,,1,3223,10,87.83,2.57,1.03,,10.62,88.2,485.9,,2,2650,27.5,T. sacculifer,15167
CR1-1-09a,1,3223,33,2897.68,n.d.,393.7,2767.9,n.d.,n.d.,n.d.,n.d.,n.d.,,1,2550.45,2580.48,1.86,34.66,2435.09,7.515,n.d.,0.95,,1,3223,12,88,2.09,1.04,,10.58,87.5,485.7,,3,1630,0.25,G. ruber,2840
CR1-1-10a,1,3223,5.9,2569,n.d.,n.d.,2536.3,n.d.,n.d.,n.d.,n.d.,n.d.,,1,2400.24,2427.64,1.94,34.66,2434.55,7.51,2376.7,0.97,,1,3223,14,87.86,5.11,1.08,,10.48,85.7,481.3,,3,1630,0.25,T. sacculifer,5656
CR1-1-11,1,3223,6.9,2683.83,7.613,299.6,2627.3,-1.39,0.01,n.d.,n.d.,0.73,,1,2251.91,2276.82,2.07,34.65,2429.94,7.5,n.d.,0.98,,1,3223,16,83.67,17.84,0.91,,10.51,84,480.5,,3,1630,8.5,T. sacculifer,6709
CR1-1-12,1,3223,7.9,2712.59,7.607,313.8,2633.6,-1.44,0.12,n.d.,n.d.,0.73,,1,2098.67,2121.12,2.28,34.64,2426.78,7.487,2375.6,0.98,,1,3223,18,83.89,16.53,0.96,,10.46,83.8,475.2,,3,1630,8.5,G. ruber,10676
CR1-1-13a,1,3223,8.9,2616.85,n.d.,n.d.,2600.8,n.d.,n.d.,n.d.,n.d.,n.d.,,1,1950.98,1971.15,2.45,34.64,2419.29,7.473,n.d.,0.98,,1,3223,20,84.96,18.2,0.98,,10.5,84.5,478.8,,3,1630,27.5,G. ruber,20536
CR1-1-14,1,3223,10,n.d.,n.d.,n.d.,n.d.,n.d.,n.d.,n.d.,n.d.,n.d.,,1,1801.35,1819.32,2.64,34.63,2300.39,7.456,2276.9,0.92,,1,3223,22,85.04,15.98,0.98,,10.27,84.9,474.3,,3,1630,27.5,N. dutertrei,21470
CR1-1-15,1,3223,17.9,2847.55,7.697,368.3,2743.5,-1.8,33.18,n.d.,n.d.,0.93,,1,1651.13,1667,2.85,34.62,2405.18,7.455,n.d.,1,,1,3223,24,86.18,17.65,0.99,,10.32,83.8,462,,3,1630,27.5,T. sacculifer,19503
CR1-1-16a,1,3223,22.9,n.d.,n.d.,n.d.,2716,n.d.,n.d.,n.d.,n.d.,n.d.,,1,1500.45,1514.33,3.2,34.61,2391.03,7.425,2358.1,0.96,,1,3223,26,86.14,18.15,1.06,,10.36,81.7,469.1,,5,2911,9.5,N. dutertrei,7325
CR1-1-17,1,3223,27.9,2827.06,7.721,381.4,2767.7,-1.88,49.79,n.d.,n.d.,0.97,,1,1401.35,1413.98,3.41,34.6,2392.16,7.424,n.d.,0.98,,1,3223,27.5,86.74,14.96,1.05,,10.34,81.3,470.8,,5,2911,9.5,T. sacculifer,7579
CR1-1-18a,1,3223,33,n.d.,n.d.,n.d.,2806.1,n.d.,n.d.,n.d.,n.d.,n.d.,,1,1300.43,1311.84,3.7,34.59,2381.73,7.416,2363.5,0.98,,2,2650,0.5,87.64,62.69,0.41,,10.5,82.4,477.6,,,,,,
CR1-1-37,1,3223,3.6,n.d.,n.d.,n.d.,n.d.,n.d.,n.d.,n.d.,n.d.,n.d.,,1,1200.37,1210.6,3.98,34.59,2377.62,7.408,2359.4,0.98,,2,2650,1.5,85.45,58.03,0.48,,10.32,80.4,470.1,,,,,,
CR1-1-38,1,3223,4.1,2542.96,7.531,255.2,2531.1,-1.11,0.01,n.d.,n.d.,0.58,,1,966.16,973.85,4.89,34.57,2355.07,7.376,2344.6,0.96,,2,2650,2.5,83.01,59.09,0.34,,10.31,81.4,468.9,,,,,,
CR1-1-39a,1,3223,4.6,2503.33,n.d.,262,2507.9,n.d.,n.d.,n.d.,n.d.,n.d.,,1,801.72,807.78,5.72,34.57,2339.18,7.347,2342.1,0.93,,2,2650,3.5,79.84,59.48,0.43,,10.24,81.8,467.9,,,,,,
CR1-1-40,1,3223,5.1,2502.62,7.533,262.3,2542.1,-1.14,0.01,n.d.,n.d.,0.57,,1,4.32,4.34,26.59,32.78,2160.05,8.008,n.d.,4.5,,2,2650,4.5,78.8,60.29,0.26,,10.28,83.8,466.9,,,,,,
CR1-1-41a,1,3223,5.6,2637.11,n.d.,274.5,2549.1,n.d.,n.d.,n.d.,n.d.,n.d.,,1,4.44,4.47,26.58,32.78,n.d.,n.d.,n.d.,n.d.,,2,2650,5.5,79.28,60.9,0.48,,,,,,,,,,
CR1-1-42,1,3223,10.6,2662.23,7.585,329.9,2635.3,-1.56,14.65,n.d.,n.d.,0.68,,1,1100.92,1110.04,4.23,34.58,2370.68,7.406,n.d.,1,,2,2650,6.5,78.35,62.87,0.2,,,,,,,,,,
CR1-1-43a,1,3223,11.6,2720.42,n.d.,321.9,2674.7,n.d.,n.d.,n.d.,n.d.,n.d.,,1,1000.39,1008.43,4.62,34.57,2359.56,7.391,2329.7,0.99,,2,2650,7.5,77.72,60.32,0.34,,,,,,,,,,
CR1-1-44,1,3223,12.6,2692.01,7.619,319.8,2638,-1.51,17.05,n.d.,n.d.,0.74,,1,900.33,907.35,4.99,34.57,2353.27,7.364,n.d.,0.94,,2,2650,9,77.7,61.37,0.37,,,,,,,,,,
CR1-1-55,1,3223,1,2530.17,7.592,232,2487.6,-0.76,0.01,n.d.,n.d.,0.66,,1,701.41,706.54,6.2,34.57,2334.87,7.344,2332.2,0.94,,2,2650,11,77.77,61.92,0.41,,,,,,,,,,
CR1-1-56,1,3223,3,2508.29,7.582,234,2479.7,-0.63,0.01,n.d.,n.d.,0.64,,1,600.47,604.71,7.03,34.59,2324.76,7.346,2315.7,0.97,,2,2650,13,77.77,64.36,0.59,,,,,,,,,,
CR1-1-57,1,3223,5,2515.7,7.628,213.6,2451.9,-0.54,0.1,n.d.,n.d.,0.71,,1,575.34,579.37,7.16,34.6,2329.78,7.344,n.d.,0.98,,2,2650,15,78.03,61.84,0.45,,,,,,,,,,
CR1-1-58,1,3223,7,2640.43,7.698,260.5,2570.5,-1.04,24.3,n.d.,n.d.,0.87,,1,500.88,504.29,7.89,34.61,2322.96,7.344,2316.6,1,,2,2650,17,78.7,62.72,0.51,,,,,,,,,,
CR1-1-59,1,3223,9,2561.79,7.727,240.1,2525.7,-0.88,21.04,n.d.,n.d.,0.89,,1,426.57,429.4,9.31,34.67,2312.97,7.364,2306.3,1.08,,2,2650,19,78.26,64.38,0.4,,,,,,,,,,
CR1-1-60,1,3223,11,2769.73,7.688,354.2,2718.8,-1.62,37.2,n.d.,n.d.,0.89,,1,350.74,353,10.68,34.74,2303.77,7.408,n.d.,1.22,,2,2650,21,78.58,62.57,0.33,,,,,,,,,,
CR1-1-61,1,3223,15,2796.34,7.641,369.3,2759.1,-1.74,28,n.d.,n.d.,0.81,,1,301.09,303,11.52,34.78,2301.2,7.43,2276.5,1.31,,2,2650,23,78.99,62.89,0.33,,,,,,,,,,
CR1-1-62,1,3223,19,2786.06,7.57,366,2728.8,-1.77,15.21,n.d.,n.d.,0.69,,1,250.59,252.15,12.41,34.83,2298.38,7.462,n.d.,1.43,,2,2650,25,79.19,58.77,0.68,,,,,,,,,,
CR1-2-19,1,3223,7.2,2480.23,7.489,330.9,2641,-1.46,0.06,10.43,85.53,0.52,,1,250.85,252.41,12.4,34.83,n.d.,n.d.,n.d.,n.d.,,2,2650,27,80.3,60.15,0.64,,,,,,,,,,
CR1-2-20a,1,3223,8.2,2631.23,n.d.,323.8,2586.5,n.d.,n.d.,n.d.,n.d.,n.d.,,1,200.92,202.14,13.08,34.86,2299.62,7.527,2226,1.69,,2,2650,29,79.92,60.21,0.81,,,,,,,,,,
CR1-2-21,1,3223,9.2,2695.94,7.531,334,2666.1,-1.43,0.04,10.43,85.78,0.61,,1,175.6,176.66,13.46,34.9,2299.48,7.533,n.d.,1.72,,2,2650,31,81.09,60.03,0.87,,,,,,,,,,
CR1-2-22a,1,3223,10.2,2669.07,n.d.,333.8,2618.1,n.d.,n.d.,n.d.,n.d.,n.d.,,1,149.77,150.66,13.67,34.92,2299.25,7.545,2226.2,1.78,,2,2650,33,82.35,58.86,0.72,,,,,,,,,,
CR1-2-23a,1,3223,11.2,2657.94,n.d.,328.7,2605.9,n.d.,n.d.,n.d.,n.d.,n.d.,,1,125.94,126.68,13.81,34.91,2300.04,7.526,n.d.,1.72,,2,2650,35,82.27,57.65,0.83,,,,,,,,,,
CR1-2-24,1,3223,19.2,n.d.,n.d.,n.d.,n.d.,n.d.,n.d.,n.d.,n.d.,n.d.,,1,100.76,101.35,14.23,34.94,2298.1,7.565,2214.8,1.89,,2,2650,37,82.24,58.86,0.73,,,,,,,,,,
CR1-2-25,1,3223,24.2,2861.94,7.686,379.4,2741,-1.83,59.28,n.d.,n.d.,0.92,,1,101.31,101.91,14.23,34.94,n.d.,n.d.,n.d.,n.d.,,3,1630,0.5,82.87,77.88,0.47,,,,,,,,,,
CR1-2-26a,1,3223,29.2,2798.46,n.d.,370.1,2669.4,n.d.,n.d.,n.d.,n.d.,n.d.,,1,80.84,81.31,14.59,34.92,2298.44,7.576,n.d.,1.95,,3,1630,1.5,78.63,77.56,0.39,,,,,,,,,,
CR1-2-27,1,3223,34.2,2812.85,7.619,389.5,2759.2,-2.07,59.58,10.44,85.81,0.78,,1,60.62,60.97,15.65,34.88,2300.79,7.591,2200.5,2.03,,3,1630,2.5,76.84,77.58,0.38,,,,,,,,,,
CR1-2-29a,1,3223,7.3,2520.21,n.d.,305,2541.4,n.d.,n.d.,n.d.,n.d.,n.d.,,1,40.64,40.87,16.89,34.78,2291.86,7.655,n.d.,2.34,,3,1630,3.5,76.43,78.18,0.56,,,,,,,,,,
CR1-2-31a,1,3223,8.3,2586.9,n.d.,318.5,2575.7,n.d.,n.d.,n.d.,n.d.,n.d.,,1,31.19,31.36,18.81,34.69,2286.71,7.697,n.d.,2.57,,3,1630,4.5,75.23,77.38,0.56,,,,,,,,,,
CR1-2-32,1,3223,8.8,n.d.,n.d.,n.d.,n.d.,n.d.,n.d.,n.d.,n.d.,n.d.,,1,20.53,20.64,25.19,33.32,2194.12,7.952,n.d.,4.12,,3,1630,5.5,75.49,75.86,0.52,,,,,,,,,,
CR1-2-33a,1,3223,13.8,2782.69,n.d.,n.d.,2658.2,n.d.,n.d.,n.d.,n.d.,n.d.,,1,16.37,16.46,25.88,33.1,2180.59,7.983,1936.6,4.34,,3,1630,6.5,74.91,76.47,0.4,,,,,,,,,,
CR1-2-34,1,3223,14.8,2816.31,7.674,388.5,2693.4,-1.97,71.44,10.39,84.86,0.88,,2,2639.98,2671.59,1.83,34.67,2436.16,7.522,2364.2,0.94,,3,1630,7.5,74.01,77.97,0.38,,,,,,,,,,
CR1-2-35a,1,3223,15.8,2760.4,n.d.,371,2618.2,n.d.,n.d.,n.d.,n.d.,n.d.,,2,2594.57,2625.35,1.84,34.67,2435.52,7.52,2366.2,0.95,,3,1630,8.5,74.3,79.19,0.27,,,,,,,,,,
CR1-2-46,1,3223,6.5,n.d.,n.d.,n.d.,n.d.,n.d.,n.d.,n.d.,n.d.,n.d.,,2,2524.51,2554.04,1.86,34.66,2433.99,7.517,2370.9,0.96,,3,1630,9.5,73.62,78.99,0.39,,,,,,,,,,
CR1-2-48a,1,3223,7.5,2604.54,n.d.,311.3,2589.6,n.d.,n.d.,n.d.,n.d.,n.d.,,2,2425.16,2452.95,1.95,34.66,2430.81,7.512,2371.3,0.97,,3,1630,11,73.65,78.29,0.15,,,,,,,,,,
CR1-2-49,1,3223,8,2533.54,7.448,323.9,2595,-1.44,0.01,10.37,84.79,0.48,,2,2275.3,2300.56,2.08,34.65,2426.38,7.507,2360.9,0.99,,3,1630,13,75.17,78.25,0.24,,,,,,,,,,
CR1-2-50a,1,3223,8.5,2629.16,n.d.,341.5,2574.3,n.d.,n.d.,n.d.,n.d.,n.d.,,2,2075.38,2097.42,2.28,34.64,2422.78,7.491,2361.2,0.99,,3,1630,15,75.66,77.01,0.46,,,,,,,,,,
CR1-2-51,1,3223,13.5,2749.41,7.632,374.4,2660.5,-1.59,38.87,n.d.,n.d.,0.78,,2,1875.8,1894.82,2.53,34.63,2414.59,7.472,2366.9,0.99,,3,1630,17,75.23,77.57,0.4,,,,,,,,,,
CR1-2-52a,1,3223,14.5,2664.62,n.d.,349.6,2571,n.d.,n.d.,n.d.,n.d.,n.d.,,2,1676.28,1692.47,2.84,34.62,2404.63,7.458,2357,1,,3,1630,19,75.57,79.51,0.29,,,,,,,,,,
CR1-2-55,1,3223,6.1,2548.08,7.496,304.7,2559.4,-1.22,0.03,10.34,84.88,0.54,,2,1475.34,1488.87,3.26,34.59,2394.71,7.434,2363.6,0.98,,3,1630,21,75.24,79.3,0.25,,,,,,,,,,
CR1-2-58,1,3223,12.1,2767.25,7.651,370.3,2681.6,-1.73,48.49,10.41,85.75,0.82,,2,1275.5,1286.59,3.78,34.57,2380.13,7.415,2346.5,0.98,,3,1630,23,75.53,80.82,0.52,,,,,,,,,,
CR1-2-61,1,3223,20.1,2814.21,7.727,383.9,2721.6,-1.88,72.2,10.43,85.83,0.98,,2,1150.24,1159.89,4.13,34.56,2372.13,7.404,2382.5,0.98,,5,2911,0.5,92.82,12.79,0.91,,,,,,,,,,
CR1-2-62,1,3223,24.1,2721.45,7.709,389.5,2728.8,-1.84,75.3,10.4,85.06,0.91,,2,1051.67,1060.24,4.41,34.56,2362.63,7.396,2330.5,0.98,,5,2911,1.5,90.25,10.52,0.81,,,,,,,,,,
CR2-1-0,2,2650,0,2436.16,7.742,157.1,2364.2,0.09,0,10.34,85.58,0.71,,2,950.84,958.35,4.7,34.55,2356.93,7.388,2338.2,0.99,,5,2911,2.5,87.86,13.19,0.73,,,,,,,,,,
CR2-1-10a,2,2650,6.8,2703.27,n.d.,291.6,2652.8,n.d.,n.d.,n.d.,n.d.,n.d.,,2,850.69,857.21,5.06,34.55,2349.78,7.379,2329.9,0.99,,5,2911,3.5,87.36,15.18,0.74,,,,,,,,,,
CR2-1-11a,2,2650,7.8,2715.7,n.d.,329.3,2767.9,n.d.,n.d.,n.d.,n.d.,n.d.,,2,751.39,756.97,5.7,34.55,2337.54,7.367,2304.6,0.98,,5,2911,4.5,86.04,18.29,0.7,,,,,,,,,,
CR2-1-13a,2,2650,9.8,2760.22,n.d.,334.7,2673.9,n.d.,n.d.,n.d.,n.d.,n.d.,,2,650.58,655.24,6.35,34.56,2330.81,7.347,2320.1,0.96,,5,2911,5.5,84.6,21.23,0.79,,,,,,,,,,
CR2-1-14,2,2650,10.8,n.d.,n.d.,n.d.,n.d.,n.d.,n.d.,n.d.,n.d.,n.d.,,2,575.5,579.52,7.02,34.57,2321.83,7.354,2315.2,1,,5,2911,7,83.57,28.24,0.67,,,,,,,,,,
CR2-1-15a,2,2650,18.8,2759.15,n.d.,341.3,2750.2,n.d.,n.d.,n.d.,n.d.,n.d.,,2,500.53,503.94,7.9,34.6,2315.97,7.351,2339.3,1.01,,5,2911,9,85.12,24.59,1.05,,,,,,,,,,
CR2-1-16,2,2650,23.8,2791.32,7.674,374.7,2713.6,-1.62,12.02,10.47,85.58,0.57,,2,425.34,428.16,9,34.63,2316.22,7.359,2296.2,1.06,,5,2911,11,82.13,31.73,0.82,,,,,,,,,,
CR2-1-17a,2,2650,28.8,2849.97,n.d.,385.2,2767,n.d.,n.d.,n.d.,n.d.,n.d.,,2,350.19,352.44,10.75,34.72,2302.97,7.39,2278,1.17,,5,2911,13,80.86,33.32,0.67,,,,,,,,,,
CR2-1-18a,2,2650,33.8,2843.42,n.d.,391.3,2761.2,n.d.,n.d.,n.d.,n.d.,n.d.,,2,225.68,227.06,12.66,34.83,2297.18,7.467,2253.2,1.46,,5,2911,15,83.11,30.56,0.91,,,,,,,,,,
CR2-1-19a,2,2650,6.2,2682.94,n.d.,293.9,2622.4,n.d.,n.d.,n.d.,n.d.,n.d.,,2,126.71,127.45,14.07,34.94,2297.99,7.56,2219.7,1.85,,5,2911,17,84.4,28.54,1.06,,,,,,,,,,
CR2-1-20,2,2650,7.2,2754.31,7.668,321.3,2657.9,-1.31,0.01,n.d.,n.d.,0.69,,2,45.66,45.92,17.31,34.8,2289.11,7.656,2173.6,2.35,,5,2911,19,85.19,26.94,1.28,,,,,,,,,,
CR2-1-21a,2,2650,8.2,2748.87,n.d.,320.6,2613.2,n.d.,n.d.,n.d.,n.d.,n.d.,,2,20.57,20.69,26.51,32.86,2169.54,8.03,1890.5,4.7,,5,2911,21,86.17,26.31,1.18,,,,,,,,,,
CR2-1-22,2,2650,9.2,2687.77,7.674,321.4,2604.4,-1.1,n.d.,n.d.,n.d.,0.78,,3,1649.98,1665.79,3.02,34.61,2399.38,7.457,2344.1,1,,5,2911,23,87.46,24,1.42,,,,,,,,,,
CR2-1-23a,2,2650,10.2,2724.32,n.d.,328.8,2624,n.d.,n.d.,n.d.,n.d.,n.d.,,3,1600.26,1615.4,3.1,34.61,2398.36,7.452,2350.5,1,,5,2911,25,84.58,25.33,1.41,,,,,,,,,,
CR2-1-24,2,2650,18.2,2800.83,7.69,377.7,2725.2,-1.6,15.01,n.d.,n.d.,0.73,,3,1500.48,1514.32,3.32,34.6,2392.89,7.447,2332.6,1.01,,5,2911,27,84.73,25.34,1.37,,,,,,,,,,
CR2-1-25a,2,2650,23.2,2845.36,n.d.,377.6,2737,n.d.,n.d.,n.d.,n.d.,n.d.,,3,1401.47,1414.06,3.49,34.6,2387.4,7.441,2333.7,1.02,,5,2911,29,85.02,26.61,1.43,,,,,,,,,,
CR2-1-26,2,2650,28.2,n.d.,n.d.,n.d.,n.d.,n.d.,n.d.,n.d.,n.d.,n.d.,,3,1300.83,1312.2,3.74,34.59,2380.71,7.432,2332.6,1.02,,,,,,,,,,,,,,,,,
CR2-1-27,2,2650,33.2,2835.51,7.657,385.9,2765.7,-1.74,16.07,10.51,85.95,0.73,,3,1150.45,1160.09,4.25,34.58,2368.82,7.413,2337.5,1.01,,,,,,,,,,,,,,,,,
CR2-1-28a,2,2650,0.2,2502.78,n.d.,177.5,2396.4,n.d.,n.d.,n.d.,n.d.,n.d.,,3,1050.48,1059.03,4.64,34.57,2359.35,7.4,2321.4,1,,,,,,,,,,,,,,,,,
CR2-1-29,2,2650,0.7,2534.21,7.69,232.4,2465.6,-0.66,0.01,n.d.,n.d.,0.93,,3,900.96,907.97,5.17,34.56,2346.93,7.396,2318.2,1.02,,,,,,,,,,,,,,,,,
CR2-1-30a,2,2650,1.2,2590.86,n.d.,209.5,2551.6,n.d.,n.d.,n.d.,n.d.,n.d.,,3,800.33,806.35,5.66,34.57,2338.45,7.37,2307,0.98,,,,,,,,,,,,,,,,,
CR2-1-31a,2,2650,1.7,2638.55,n.d.,240.3,2555.6,n.d.,n.d.,n.d.,n.d.,n.d.,,3,700.75,705.85,6.19,34.57,2331.37,7.356,2323.3,0.97,,,,,,,,,,,,,,,,,
CR2-1-32,2,2650,2.2,n.d.,n.d.,n.d.,n.d.,n.d.,n.d.,n.d.,n.d.,n.d.,,3,549.89,553.7,7.41,34.6,2318.46,7.353,2299.2,1,,,,,,,,,,,,,,,,,
CR2-1-33a,2,2650,7.2,2788.74,n.d.,347.8,2684.1,n.d.,n.d.,n.d.,n.d.,n.d.,,3,449.93,452.93,8.61,34.65,2311.68,7.361,2303.1,1.05,,,,,,,,,,,,,,,,,
CR2-1-34a,2,2650,8.2,2832.24,n.d.,334.4,2663.7,n.d.,n.d.,n.d.,n.d.,n.d.,,3,375.57,378.01,9.4,34.68,2309.28,7.366,2276.4,1.09,,,,,,,,,,,,,,,,,
CR2-1-35,2,2650,9.2,2763.1,7.673,346.9,2685.9,-1.44,6.74,n.d.,n.d.,0.97,,3,300.56,302.46,10.8,34.74,2301.05,7.398,2271.5,1.21,,,,,,,,,,,,,,,,,
CR2-1-36a,2,2650,10.2,2745.8,n.d.,349.2,2735.5,n.d.,n.d.,n.d.,n.d.,n.d.,,3,225.43,226.81,12.32,34.82,2296.59,7.463,2248.5,1.44,,,,,,,,,,,,,,,,,
CR2-1-55,2,2650,1,2468.95,n.d.,165.6,2354,-0.08,0,n.d.,n.d.,n.d.,,3,151.42,152.32,13.68,34.9,2297.24,7.514,2242.1,1.66,,,,,,,,,,,,,,,,,
CR2-1-56,2,2650,3,2533.2,7.727,218.9,2466.3,-0.51,0,n.d.,n.d.,0.58,,3,100.7,101.29,14.64,34.92,2296.92,7.549,2220.5,1.82,,,,,,,,,,,,,,,,,
CR2-1-57,2,2650,5,2644.41,7.692,284.9,2589.8,-1.08,0,10.49,85.6,0.57,,3,70.62,71.02,16.33,34.9,2292.24,7.604,2210.3,2.08,,,,,,,,,,,,,,,,,
CR2-1-58,2,2650,7,2709.99,7.695,326.6,2586.8,-1.35,2.6,n.d.,n.d.,0.68,,3,41.56,41.79,22.36,34.19,2258.44,7.836,2085.8,3.39,,,,,,,,,,,,,,,,,
CR2-1-59,2,2650,9,2714.36,7.701,341.6,2666.4,-1.34,7.59,n.d.,n.d.,0.74,,3,21.58,21.7,26.82,32.75,2166.15,8.066,1895.7,5,,,,,,,,,,,,,,,,,
CR2-1-60,2,2650,14,2792.86,7.701,356.3,2701.3,-1.45,12.93,n.d.,n.d.,0.66,,3,11.62,11.69,27.06,32.78,2166.08,8.062,1903.2,4.98,,,,,,,,,,,,,,,,,
CR2-2-19,2,2650,4.3,n.d.,n.d.,n.d.,n.d.,n.d.,n.d.,n.d.,n.d.,n.d.,,5,2899.28,2935.83,1.84,34.66,2435.07,7.52,2368.3,0.89,,,,,,,,,,,,,,,,,
CR2-2-20a,2,2650,5.3,2677.5,n.d.,271,2750,n.d.,n.d.,n.d.,n.d.,n.d.,,5,2799.94,2834.57,1.83,34.66,2437.68,7.52,2349.6,0.91,,,,,,,,,,,,,,,,,
CR2-2-21a,2,2650,6.3,2701.57,n.d.,295.4,2660.6,n.d.,n.d.,n.d.,n.d.,n.d.,,5,2499.74,2528.86,1.9,34.66,2432.93,7.512,2371.5,0.95,,,,,,,,,,,,,,,,,
CR2-2-22a,2,2650,7.3,2751.92,n.d.,300.5,2620.2,n.d.,n.d.,n.d.,n.d.,n.d.,,5,2350.54,2377.08,2.01,34.65,2430.69,7.504,2363.1,0.96,,,,,,,,,,,,,,,,,
CR2-2-23,2,2650,8.3,2687.75,7.662,334.4,2652.9,0.14,n.d.,10.5,85.77,0.64,,5,2200.26,2224.32,2.22,34.64,2423.22,7.493,2372.4,0.97,,,,,,,,,,,,,,,,,
CR2-2-24a,2,2650,16.3,2826.41,n.d.,367.7,2740,n.d.,n.d.,n.d.,n.d.,n.d.,,5,2000.66,2021.57,2.42,34.63,2419.91,7.479,2370.9,0.98,,,,,,,,,,,,,,,,,
CR2-2-25a,2,2650,21.3,2812.29,n.d.,378.8,2718.2,n.d.,n.d.,n.d.,n.d.,n.d.,,5,1800.15,1818.1,2.68,34.62,2409.44,7.465,2360.8,0.99,,,,,,,,,,,,,,,,,
CR2-2-26,2,2650,26.3,2843.95,7.677,388,2743.6,-0.33,n.d.,n.d.,n.d.,0.71,,5,1550.21,1564.73,3.09,34.61,2398.49,7.445,2355.9,1,,,,,,,,,,,,,,,,,
CR2-2-27a,2,2650,31.3,2919.73,n.d.,392.3,2731.9,n.d.,n.d.,n.d.,n.d.,n.d.,,5,1300.56,1311.96,3.72,34.59,2382.45,7.42,2337.7,0.99,,,,,,,,,,,,,,,,,
CR2-2-37,2,2650,1.3,2484.15,7.724,194.2,2375.2,1.55,n.d.,n.d.,n.d.,0.87,,5,1050.09,1058.65,4.53,34.57,2361.15,7.384,2336,0.96,,,,,,,,,,,,,,,,,
CR2-2-38a,2,2650,1.8,2581.01,n.d.,223.6,2497.2,n.d.,n.d.,n.d.,n.d.,n.d.,,5,800.13,806.18,5.89,34.57,2334.86,7.369,2305.6,0.98,,,,,,,,,,,,,,,,,
CR2-2-39a,2,2650,2.3,2519.29,n.d.,221.5,2518.2,n.d.,n.d.,n.d.,n.d.,n.d.,,5,650.21,654.89,6.92,34.59,2323.74,7.35,2315.9,0.97,,,,,,,,,,,,,,,,,
CR2-2-40a,2,2650,2.8,2645.96,n.d.,246.9,2560.1,n.d.,n.d.,n.d.,n.d.,n.d.,,5,475.32,478.53,8.51,34.63,2317.98,7.353,2306.6,1.03,,,,,,,,,,,,,,,,,
CR2-2-41,2,2650,3.3,2646.89,7.674,282.8,2626.2,0.28,n.d.,n.d.,n.d.,0.89,,5,400.17,402.8,9.66,34.68,2309.54,7.37,2291.9,1.1,,,,,,,,,,,,,,,,,
CR2-2-42a,2,2650,8.3,2821.05,n.d.,332.6,2686.6,n.d.,n.d.,n.d.,n.d.,n.d.,,5,275.32,277.05,11.76,34.79,2297.41,7.445,2249.9,1.36,,,,,,,,,,,,,,,,,
CR2-2-43,2,2650,9.3,n.d.,n.d.,n.d.,n.d.,n.d.,n.d.,n.d.,n.d.,n.d.,,5,104.99,105.6,14.18,34.92,2295.6,7.536,2174.2,1.77,,,,,,,,,,,,,,,,,
CR2-2-44a,2,2650,10.3,2803.52,n.d.,321.3,2693.8,n.d.,n.d.,n.d.,n.d.,n.d.,,5,85.09,85.58,14.82,34.93,2295.3,7.545,2219.3,1.82,,,,,,,,,,,,,,,,,
CR2-2-45a,2,2650,11.3,2799.14,n.d.,n.d.,2715.5,n.d.,n.d.,n.d.,n.d.,n.d.,,5,64.92,65.3,15.81,34.92,2293.99,7.591,2168.8,2.02,,,,,,,,,,,,,,,,,
CR2-2-46,2,2650,2.1,n.d.,n.d.,n.d.,n.d.,n.d.,n.d.,n.d.,n.d.,n.d.,,5,54.92,55.23,16.65,34.9,2293.11,7.627,2161.3,2.2,,,,,,,,,,,,,,,,,
CR2-2-47,2,2650,2.6,2535.44,7.704,207.6,2444.4,1.3,n.d.,10.38,85.18,0.89,,5,44.89,45.14,18.43,34.74,2285.18,7.688,2114.9,2.51,,,,,,,,,,,,,,,,,
CR2-2-48,2,2650,3.1,2568.2,7.689,240.5,2521.6,0.88,n.d.,n.d.,n.d.,0.81,,5,35.31,35.51,20.31,34.59,2276.03,7.758,2100,2.92,,,,,,,,,,,,,,,,,
CR2-2-49,2,2650,3.6,2504.88,7.69,274.6,2606.3,0.27,n.d.,n.d.,n.d.,0.69,,5,25.43,25.574,24.4465,33.9588,2225.79,7.947,1967.3,4.16,,,,,,,,,,,,,,,,,
CR2-2-50a,2,2650,4,2722.51,n.d.,299.8,2668.1,n.d.,n.d.,n.d.,n.d.,n.d.,,5,14.95,15.033,26.7833,32.7962,2169.6,8.044,1874.1,4.82,,,,,,,,,,,,,,,,,
CR2-2-51a,2,2650,9.1,2760.73,n.d.,321.2,2667.9,n.d.,n.d.,n.d.,n.d.,n.d.,,5,7.02,7.061,26.7799,32.7939,2165.74,8.044,1915,4.83,,,,,,,,,,,,,,,,,
CR2-2-52,2,2650,10.1,2749.57,7.666,355,2703.1,-0.07,n.d.,n.d.,n.d.,0.52,,5,1600.81,1616.003,2.9954,34.6118,2402.07,7.447,n.d.,0.99,,,,,,,,,,,,,,,,,
CR2-2-53,2,2650,11.1,2784.37,7.684,354,2707.1,-0.12,n.d.,n.d.,n.d.,0.61,,5,1474.95,1488.5,3.2525,34.603,2394.29,7.438,n.d.,0.99,,,,,,,,,,,,,,,,,
CR2-2-54,2,2650,12,2782.32,7.673,358.1,2726.3,-0.13,n.d.,10.54,86.08,0.92,,5,1399.77,1412.369,3.4276,34.5978,2389.98,7.429,n.d.,0.99,,,,,,,,,,,,,,,,,
CR2-2-55,2,2650,0.6,2445.07,7.732,163.5,2367.6,1.73,n.d.,10.26,84.61,0.78,,5,1250.33,1261.14,3.7934,34.5862,2380.75,7.415,n.d.,0.99,,,,,,,,,,,,,,,,,
CR2-2-56,2,2650,3.8,2635.09,7.682,280.8,2604.4,0.51,n.d.,10.45,85.64,0.88,,5,1149.57,1159.225,4.1036,34.5794,2371.43,n.d.,n.d.,n.d.,,,,,,,,,,,,,,,,,
CR2-2-57,2,2650,0.8,2439.89,7.73,164.7,2372.9,1.71,n.d.,n.d.,n.d.,0.48,,5,975.07,982.841,4.7862,34.57,2356.62,7.385,2358.2,0.98,,,,,,,,,,,,,,,,,
CR2-2-58,2,2650,1.8,2496.73,7.743,164.4,2359.4,1.75,n.d.,n.d.,n.d.,0.78,,5,874.94,881.703,5.2792,34.5675,2346.38,7.377,2342.2,0.98,,,,,,,,,,,,,,,,,
CR2-2-59,2,2650,4.8,2714.7,7.678,288,2628.7,0.36,n.d.,n.d.,n.d.,0.54,,5,725.25,730.593,6.3232,34.5759,2330.19,7.36,2326.8,0.97,,,,,,,,,,,,,,,,,
CR2-2-60,2,2650,6.8,2665.74,7.678,327.1,2685.6,0.13,n.d.,n.d.,n.d.,0.82,,5,575.32,579.345,7.3511,34.599,2320.12,7.349,2322.1,0.99,,,,,,,,,,,,,,,,,
CR2-2-61,2,2650,2.8,2594.42,7.691,249.8,2525.1,0.68,n.d.,n.d.,n.d.,0.98,,5,525.13,528.742,7.7604,34.6099,2316.14,7.358,n.d.,1.02,,,,,,,,,,,,,,,,,
CR2-2-62,2,2650,10.8,2861.87,7.713,354,2714,-0.1,n.d.,n.d.,n.d.,0.91,,5,349.95,352.208,10.7651,34.729,2300.72,7.393,n.d.,1.18,,,,,,,,,,,,,,,,,
CR3-1-0,3,1630,0,2399.38,7.697,131.9,2353.5,-0.09,0,10.32,84.96,0.86,,5,250.76,252.321,12.2827,34.8193,n.d.,n.d.,n.d.,n.d.,,,,,,,,,,,,,,,,,
CR3-1-01a,3,1630,3.4,2573.56,n.d.,251.6,2567,n.d.,n.d.,n.d.,n.d.,n.d.,,5,199.91,201.13,13.0689,34.8754,2297.65,7.479,n.d.,1.51,,,,,,,,,,,,,,,,,
CR3-1-02,3,1630,4.4,2617.2,7.617,275.3,2583.5,0.12,1.76,n.d.,n.d.,0.93,,5,175.16,176.213,13.4322,34.9021,n.d.,n.d.,n.d.,n.d.,,,,,,,,,,,,,,,,,
CR3-1-03,3,1630,5.4,2641.2,7.628,276.3,2599.9,0.03,2.95,10.43,85.38,0.96,,5,150.07,150.966,13.7735,34.9149,n.d.,n.d.,n.d.,n.d.,,,,,,,,,,,,,,,,,
CR3-1-04,3,1630,6.4,2666.3,7.63,290.6,2625.2,-0.24,0,n.d.,n.d.,0.98,,5,124.98,125.721,14.1447,34.922,n.d.,n.d.,n.d.,n.d.,,,,,,,,,,,,,,,,,
CR3-1-05,3,1630,7.4,n.d.,n.d.,n.d.,n.d.,n.d.,n.d.,n.d.,n.d.,n.d.,,5,99.91,100.492,14.6637,34.9387,2295.89,7.554,n.d.,1.84,,,,,,,,,,,,,,,,,
CR3-1-06,3,1630,15.4,2741.64,7.632,312,2676.6,-0.32,4.03,n.d.,n.d.,1.01,,5,80.05,80.511,15.2278,34.9412,n.d.,n.d.,n.d.,n.d.,,,,,,,,,,,,,,,,,
CR3-1-07,3,1630,20.4,2748.2,7.637,311.9,2699.9,-0.34,4.25,10.48,86.61,1.02,,5,60.47,60.82,16.3466,34.9201,n.d.,n.d.,n.d.,n.d.,,,,,,,,,,,,,,,,,
CR3-1-08a,3,1630,25.4,2766.23,n.d.,315.9,2820.7,n.d.,n.d.,n.d.,n.d.,n.d.,,5,50.28,50.568,17.5116,34.84,2290.83,7.648,n.d.,2.31,,,,,,,,,,,,,,,,,
CR3-1-09,3,1630,30.4,2786.45,7.647,321.1,2717.1,-0.45,3.83,10.51,86.64,1.06,,5,40.3,40.532,19.1452,34.682,n.d.,n.d.,n.d.,n.d.,,,,,,,,,,,,,,,,,
CR3-1-10a,3,1630,3.8,2621.47,n.d.,247.4,2569.8,n.d.,n.d.,n.d.,n.d.,n.d.,,5,30.38,30.556,21.0037,34.5013,n.d.,n.d.,n.d.,n.d.,,,,,,,,,,,,,,,,,
CR3-1-11a,3,1630,4.8,2656.58,n.d.,263.7,2614.7,n.d.,n.d.,n.d.,n.d.,n.d.,,5,19.96,20.067,26.9861,32.6557,n.d.,n.d.,n.d.,n.d.,,,,,,,,,,,,,,,,,
CR3-1-12,3,1630,5.8,n.d.,n.d.,n.d.,n.d.,n.d.,n.d.,n.d.,n.d.,n.d.,,5,10.3,10.359,26.9403,32.5064,n.d.,n.d.,n.d.,n.d.,,,,,,,,,,,,,,,,,
CR3-1-13,3,1630,6.8,2684.56,7.628,291.9,2630.8,-0.06,2.82,n.d.,n.d.,0.98,,,,,,,,,,,,,,,,,,,,,,,,,,,
CR3-1-14a,3,1630,7.8,2702.68,n.d.,302.4,2592.4,n.d.,n.d.,n.d.,n.d.,n.d.,,,,,,,,,,,,,,,,,,,,,,,,,,,
CR3-1-15a,3,1630,15.8,2755.41,n.d.,303.4,2679.6,n.d.,n.d.,n.d.,n.d.,n.d.,,,,,,,,,,,,,,,,,,,,,,,,,,,
CR3-1-16a,3,1630,20.8,2764.2,n.d.,302.3,2692.4,n.d.,n.d.,n.d.,n.d.,n.d.,,,,,,,,,,,,,,,,,,,,,,,,,,,
CR3-1-17,3,1630,25.8,2786.76,7.67,313.6,2714,-0.28,4.69,n.d.,n.d.,1.11,,,,,,,,,,,,,,,,,,,,,,,,,,,
CR3-1-18a,3,1630,30.8,2832.37,n.d.,315.5,2719.1,n.d.,n.d.,n.d.,n.d.,n.d.,,,,,,,,,,,,,,,,,,,,,,,,,,,
CR3-1-28,3,1630,1.4,2428.85,7.658,159.9,2388,0.87,0.04,n.d.,n.d.,0.94,,,,,,,,,,,,,,,,,,,,,,,,,,,
CR3-1-29a,3,1630,1.9,2500.78,n.d.,181.7,2456.9,n.d.,n.d.,n.d.,n.d.,n.d.,,,,,,,,,,,,,,,,,,,,,,,,,,,
CR3-1-30a,3,1630,2.4,2555.77,n.d.,196.1,2477.8,n.d.,n.d.,n.d.,n.d.,n.d.,,,,,,,,,,,,,,,,,,,,,,,,,,,
CR3-1-31a,3,1630,2.9,2625.71,n.d.,240.7,2542.9,n.d.,n.d.,n.d.,n.d.,n.d.,,,,,,,,,,,,,,,,,,,,,,,,,,,
CR3-1-32,3,1630,3.4,n.d.,n.d.,n.d.,n.d.,n.d.,n.d.,n.d.,n.d.,n.d.,,,,,,,,,,,,,,,,,,,,,,,,,,,
CR3-1-33,3,1630,8.4,2687.31,7.629,287.3,2625.9,-0.26,3.84,n.d.,n.d.,0.98,,,,,,,,,,,,,,,,,,,,,,,,,,,
CR3-1-34a,3,1630,9.4,2709.27,n.d.,278.4,2619.9,n.d.,n.d.,n.d.,n.d.,n.d.,,,,,,,,,,,,,,,,,,,,,,,,,,,
CR3-1-36a,3,1630,11.4,2718.06,n.d.,325.3,2636.5,n.d.,n.d.,n.d.,n.d.,n.d.,,,,,,,,,,,,,,,,,,,,,,,,,,,
CR3-1-55,3,1630,0,2418.48,7.695,138.3,2357.9,1.26,0,n.d.,n.d.,1.02,,,,,,,,,,,,,,,,,,,,,,,,,,,
CR3-1-56,3,1630,0,2432.98,7.695,138.3,2368.7,0.99,0,n.d.,n.d.,1.02,,,,,,,,,,,,,,,,,,,,,,,,,,,
CR3-1-57,3,1630,1.8,2598.45,7.646,238.2,2524.7,0.08,0.18,n.d.,n.d.,0.98,,,,,,,,,,,,,,,,,,,,,,,,,,,
CR3-1-59,3,1630,5.8,2620.42,7.65,257.6,2576.3,-0.13,1.97,n.d.,n.d.,1,,,,,,,,,,,,,,,,,,,,,,,,,,,
CR3-1-60,3,1630,7.8,2699.39,7.639,280,2641.6,-0.16,2.33,n.d.,n.d.,1.01,,,,,,,,,,,,,,,,,,,,,,,,,,,
CR3-1-61,3,1630,11.8,2754.35,7.62,289,2670.7,-0.38,n.d.,n.d.,n.d.,0.99,,,,,,,,,,,,,,,,,,,,,,,,,,,
CR3-1-62,3,1630,15.8,2725.79,7.637,290.2,2648,-0.21,3.43,n.d.,n.d.,1.01,,,,,,,,,,,,,,,,,,,,,,,,,,,
CR3-2-19a,3,1630,4.2,2628.78,n.d.,252.8,2592.8,n.d.,n.d.,n.d.,n.d.,n.d.,,,,,,,,,,,,,,,,,,,,,,,,,,,
CR3-2-20a,3,1630,5.2,2580.67,n.d.,246.2,2579.3,n.d.,n.d.,n.d.,n.d.,n.d.,,,,,,,,,,,,,,,,,,,,,,,,,,,
CR3-2-21,3,1630,6.2,2664.34,7.614,294,2665.2,-1.21,n.d.,10.43,85.31,0.94,,,,,,,,,,,,,,,,,,,,,,,,,,,
CR3-2-22a,3,1630,7.2,n.d.,n.d.,n.d.,n.d.,n.d.,n.d.,n.d.,n.d.,n.d.,,,,,,,,,,,,,,,,,,,,,,,,,,,
CR3-2-23,3,1630,8.2,n.d.,n.d.,n.d.,n.d.,n.d.,n.d.,n.d.,n.d.,n.d.,,,,,,,,,,,,,,,,,,,,,,,,,,,
CR3-2-24a,3,1630,16.2,2739.84,n.d.,316.1,2706.4,n.d.,n.d.,n.d.,n.d.,n.d.,,,,,,,,,,,,,,,,,,,,,,,,,,,
CR3-2-25a,3,1630,21.2,2751.59,n.d.,319.8,2729.5,n.d.,n.d.,n.d.,n.d.,n.d.,,,,,,,,,,,,,,,,,,,,,,,,,,,
CR3-2-26,3,1630,26.2,2757.39,7.643,314.2,2729.6,-1.51,n.d.,n.d.,n.d.,1.04,,,,,,,,,,,,,,,,,,,,,,,,,,,
CR3-2-27a,3,1630,31.2,2824.2,n.d.,318.1,2780.4,n.d.,n.d.,n.d.,n.d.,n.d.,,,,,,,,,,,,,,,,,,,,,,,,,,,
CR3-2-37,3,1630,0.9,n.d.,n.d.,n.d.,n.d.,n.d.,n.d.,n.d.,n.d.,n.d.,,,,,,,,,,,,,,,,,,,,,,,,,,,
CR3-2-38a,3,1630,1.4,2436.51,n.d.,171.7,2427,n.d.,n.d.,n.d.,n.d.,n.d.,,,,,,,,,,,,,,,,,,,,,,,,,,,
CR3-2-39,3,1630,1.9,2510.68,7.629,214.4,2515.9,-0.73,n.d.,10.4,85.23,0.91,,,,,,,,,,,,,,,,,,,,,,,,,,,
CR3-2-40a,3,1630,2.4,2481.43,n.d.,171.6,2423.5,n.d.,n.d.,n.d.,n.d.,n.d.,,,,,,,,,,,,,,,,,,,,,,,,,,,
CR3-2-41a,3,1630,2.9,2595.89,n.d.,249.1,2575.6,n.d.,n.d.,n.d.,n.d.,n.d.,,,,,,,,,,,,,,,,,,,,,,,,,,,
CR3-2-42,3,1630,7.9,2664.42,7.625,298.3,2648.5,-1.2,n.d.,n.d.,n.d.,0.96,,,,,,,,,,,,,,,,,,,,,,,,,,,
CR3-2-43a,3,1630,8.9,2680.12,n.d.,309.2,2669.1,n.d.,n.d.,n.d.,n.d.,n.d.,,,,,,,,,,,,,,,,,,,,,,,,,,,
CR3-2-44a,3,1630,9.9,2684.22,n.d.,301,2685.4,n.d.,n.d.,n.d.,n.d.,n.d.,,,,,,,,,,,,,,,,,,,,,,,,,,,
CR3-2-45a,3,1630,10.9,2677.77,n.d.,302,2553.7,n.d.,n.d.,n.d.,n.d.,n.d.,,,,,,,,,,,,,,,,,,,,,,,,,,,
CR3-2-46,3,1630,2.1,n.d.,n.d.,n.d.,n.d.,n.d.,n.d.,n.d.,n.d.,n.d.,,,,,,,,,,,,,,,,,,,,,,,,,,,
CR3-2-47,3,1630,2.6,2501.02,7.642,206.5,2495.5,-0.57,n.d.,n.d.,n.d.,0.94,,,,,,,,,,,,,,,,,,,,,,,,,,,
CR3-2-48,3,1630,3.1,2523.81,7.626,220.4,2514.2,-0.77,n.d.,10.4,84.75,0.91,,,,,,,,,,,,,,,,,,,,,,,,,,,
CR3-2-49,3,1630,3.5,2561.88,7.62,235.2,2544.7,-0.85,n.d.,n.d.,n.d.,0.92,,,,,,,,,,,,,,,,,,,,,,,,,,,
CR3-2-50a,3,1630,4,2600.28,n.d.,268.2,2583.9,n.d.,n.d.,n.d.,n.d.,n.d.,,,,,,,,,,,,,,,,,,,,,,,,,,,
CR3-2-51,3,1630,9.1,2684.15,n.d.,314.5,2651.2,-1.2,n.d.,n.d.,n.d.,n.d.,,,,,,,,,,,,,,,,,,,,,,,,,,,
CR3-2-52,3,1630,10.1,2693.04,n.d.,315.4,2657.3,-1.17,n.d.,10.48,85.95,n.d.,,,,,,,,,,,,,,,,,,,,,,,,,,,
CR3-2-53,3,1630,11,2685.67,n.d.,316.8,2643,-1.17,n.d.,n.d.,n.d.,n.d.,,,,,,,,,,,,,,,,,,,,,,,,,,,
CR3-2-54,3,1630,12,2686.9,7.629,315.7,2647.1,-1.22,n.d.,n.d.,n.d.,0.98,,,,,,,,,,,,,,,,,,,,,,,,,,,
CR3-2-55,3,1630,0,2433.66,7.664,136.6,2345.7,0.17,n.d.,n.d.,n.d.,0.96,,,,,,,,,,,,,,,,,,,,,,,,,,,
CR3-2-56,3,1630,0.7,2424.69,7.689,136.7,2354.1,0.3,n.d.,n.d.,n.d.,1.01,,,,,,,,,,,,,,,,,,,,,,,,,,,
CR3-2-57,3,1630,2.7,2529.47,7.639,214.6,2509.6,-0.65,n.d.,n.d.,n.d.,0.94,,,,,,,,,,,,,,,,,,,,,,,,,,,
CR3-2-58,3,1630,4.7,2574.75,7.64,236.7,2578,-0.86,n.d.,n.d.,n.d.,0.96,,,,,,,,,,,,,,,,,,,,,,,,,,,
CR3-2-59,3,1630,6.7,2619.42,n.d.,n.d.,2601.9,-1.01,n.d.,n.d.,n.d.,n.d.,,,,,,,,,,,,,,,,,,,,,,,,,,,
CR3-2-60,3,1630,8.7,2642.2,7.638,280.7,2619,-1.07,n.d.,n.d.,n.d.,0.98,,,,,,,,,,,,,,,,,,,,,,,,,,,
CR3-2-61,3,1630,12.7,2656.54,7.638,287.8,2629.5,-1.14,n.d.,n.d.,n.d.,0.99,,,,,,,,,,,,,,,,,,,,,,,,,,,
CR3-2-62,3,1630,17.2,2687.58,7.648,292.8,2655,-1.19,n.d.,n.d.,n.d.,1.02,,,,,,,,,,,,,,,,,,,,,,,,,,,
CR5-1-0,5,2911,0,2435.07,7.73,163.8,2368.3,0.14,0,10.35,85.65,0.75,,,,,,,,,,,,,,,,,,,,,,,,,,,
CR5-1-01a,5,2911,7.4,n.d.,n.d.,315.6,2665.1,n.d.,n.d.,n.d.,n.d.,n.d.,,,,,,,,,,,,,,,,,,,,,,,,,,,
CR5-1-02,5,2911,8.4,2792.38,7.596,324.8,2697.4,-1.37,0.06,n.d.,n.d.,0.76,,,,,,,,,,,,,,,,,,,,,,,,,,,
CR5-1-04,5,2911,10.4,2821.58,7.647,351.9,2738,-1.74,23.81,n.d.,n.d.,0.86,,,,,,,,,,,,,,,,,,,,,,,,,,,
CR5-1-05,5,2911,11.4,n.d.,n.d.,n.d.,n.d.,n.d.,n.d.,n.d.,n.d.,n.d.,,,,,,,,,,,,,,,,,,,,,,,,,,,
CR5-1-06,5,2911,19.4,2922.61,7.759,373,2784,-1.94,71.38,10.63,88.72,1.14,,,,,,,,,,,,,,,,,,,,,,,,,,,
CR5-1-07,5,2911,24.4,2936.08,n.d.,380,2814.4,-2.25,100.26,10.61,88.13,n.d.,,,,,,,,,,,,,,,,,,,,,,,,,,,
CR5-1-08,5,2911,29.4,2980.38,7.794,378.5,2826.9,-2.34,n.d.,10.64,89.14,1.25,,,,,,,,,,,,,,,,,,,,,,,,,,,
CR5-1-09,5,2911,34.4,3003,7.846,382.9,2859.4,-2.43,123.59,10.65,89.38,1.41,,,,,,,,,,,,,,,,,,,,,,,,,,,
CR5-1-19a,5,2911,7.5,2730.82,n.d.,305.4,2667.2,n.d.,n.d.,n.d.,n.d.,n.d.,,,,,,,,,,,,,,,,,,,,,,,,,,,
CR5-1-20a,5,2911,8.5,2767.7,n.d.,336.4,2719.8,n.d.,n.d.,n.d.,n.d.,n.d.,,,,,,,,,,,,,,,,,,,,,,,,,,,
CR5-1-21,5,2911,9.5,n.d.,n.d.,n.d.,n.d.,n.d.,n.d.,n.d.,n.d.,n.d.,,,,,,,,,,,,,,,,,,,,,,,,,,,
CR5-1-22,5,2911,10.5,2790.25,7.568,336.3,2726.5,-1.56,0.12,n.d.,n.d.,0.72,,,,,,,,,,,,,,,,,,,,,,,,,,,
CR5-1-23a,5,2911,11.5,2805.08,n.d.,334.8,2724.9,n.d.,n.d.,n.d.,n.d.,n.d.,,,,,,,,,,,,,,,,,,,,,,,,,,,
CR5-1-24a,5,2911,19.5,2905.15,n.d.,357.2,2769.2,n.d.,n.d.,n.d.,n.d.,n.d.,,,,,,,,,,,,,,,,,,,,,,,,,,,
CR5-1-25a,5,2911,24.5,2929.8,n.d.,367.6,2805.7,n.d.,n.d.,n.d.,n.d.,n.d.,,,,,,,,,,,,,,,,,,,,,,,,,,,
CR5-1-26,5,2911,29.5,2968.84,7.844,377.7,2836,-2.36,113.63,n.d.,n.d.,1.38,,,,,,,,,,,,,,,,,,,,,,,,,,,
CR5-1-27a,5,2911,34.5,2999.69,n.d.,373.8,2878.2,n.d.,n.d.,n.d.,n.d.,n.d.,,,,,,,,,,,,,,,,,,,,,,,,,,,
CR5-1-37a,5,2911,5.6,2671.45,n.d.,261.6,2605.6,n.d.,n.d.,n.d.,n.d.,n.d.,,,,,,,,,,,,,,,,,,,,,,,,,,,
CR5-1-38,5,2911,6.1,2689.5,n.d.,292.8,2618,-1.18,0.02,n.d.,n.d.,n.d.,,,,,,,,,,,,,,,,,,,,,,,,,,,
CR5-1-39a,5,2911,6.6,2726.73,n.d.,293.6,2599.9,n.d.,n.d.,n.d.,n.d.,n.d.,,,,,,,,,,,,,,,,,,,,,,,,,,,
CR5-1-40,5,2911,7.1,n.d.,n.d.,n.d.,n.d.,n.d.,n.d.,n.d.,n.d.,n.d.,,,,,,,,,,,,,,,,,,,,,,,,,,,
CR5-1-41a,5,2911,7.6,2784.1,n.d.,317.8,2685,n.d.,n.d.,n.d.,n.d.,n.d.,,,,,,,,,,,,,,,,,,,,,,,,,,,
CR5-1-42a,5,2911,12.6,2847.67,n.d.,345.3,2772.5,n.d.,n.d.,n.d.,n.d.,n.d.,,,,,,,,,,,,,,,,,,,,,,,,,,,
CR5-1-43,5,2911,13.6,2862.54,7.727,354.3,2758.7,-1.76,43.85,n.d.,n.d.,1.04,,,,,,,,,,,,,,,,,,,,,,,,,,,
CR5-1-44a,5,2911,14.6,2829.21,n.d.,331.9,2724.3,n.d.,n.d.,n.d.,n.d.,n.d.,,,,,,,,,,,,,,,,,,,,,,,,,,,
CR5-1-45a,5,2911,15.6,2810.75,n.d.,323.8,2680.6,n.d.,n.d.,n.d.,n.d.,n.d.,,,,,,,,,,,,,,,,,,,,,,,,,,,
CR5-1-55,5,2911,3.3,2612.71,7.661,246.2,2536.1,-0.86,0.02,10.46,85.98,0.82,,,,,,,,,,,,,,,,,,,,,,,,,,,
CR5-1-56,5,2911,5.3,2696.59,7.624,312.8,2635.7,-1.23,1.62,10.58,86.94,0.78,,,,,,,,,,,,,,,,,,,,,,,,,,,
CR5-1-58,5,2911,9.3,2832.37,7.745,340.8,2720.9,-1.57,45.25,10.54,86.95,1.07,,,,,,,,,,,,,,,,,,,,,,,,,,,
CR5-1-60,5,2911,13.3,2844.36,7.756,352.8,2738.1,-1.69,51.35,n.d.,n.d.,1.1,,,,,,,,,,,,,,,,,,,,,,,,,,,
CR5-1-61,5,2911,17.3,2901.13,n.d.,374,2801.1,-1.93,68.64,n.d.,n.d.,n.d.,,,,,,,,,,,,,,,,,,,,,,,,,,,
CR5-1-62,5,2911,21.5,2958.91,7.764,376.9,2845.7,-2.16,82.51,n.d.,n.d.,1.16,,,,,,,,,,,,,,,,,,,,,,,,,,,
CR5-2-01a,5,2911,5.4,2763.22,n.d.,302.8,2612,n.d.,n.d.,n.d.,n.d.,n.d.,,,,,,,,,,,,,,,,,,,,,,,,,,,
CR5-2-02a,5,2911,6.4,2661.14,n.d.,n.d.,2486.4,n.d.,n.d.,n.d.,n.d.,n.d.,,,,,,,,,,,,,,,,,,,,,,,,,,,
CR5-2-03,5,2911,7.4,n.d.,n.d.,n.d.,n.d.,n.d.,n.d.,n.d.,n.d.,n.d.,,,,,,,,,,,,,,,,,,,,,,,,,,,
CR5-2-04a,5,2911,8.4,2685.51,n.d.,336.9,2670.9,n.d.,n.d.,n.d.,n.d.,n.d.,,,,,,,,,,,,,,,,,,,,,,,,,,,
CR5-2-05,5,2911,9.4,2696.07,7.677,307,2611.4,-1.2,n.d.,n.d.,n.d.,0.88,,,,,,,,,,,,,,,,,,,,,,,,,,,
CR5-2-06a,5,2911,17.4,2921.12,n.d.,n.d.,2766.2,n.d.,n.d.,n.d.,n.d.,n.d.,,,,,,,,,,,,,,,,,,,,,,,,,,,
CR5-2-28,5,2911,6,2657.78,7.66,280.7,2548.8,-0.92,n.d.,n.d.,n.d.,0.83,,,,,,,,,,,,,,,,,,,,,,,,,,,
CR5-2-29,5,2911,6.5,2669.02,7.639,293.7,2580.7,-1.12,n.d.,n.d.,n.d.,0.8,,,,,,,,,,,,,,,,,,,,,,,,,,,
CR5-2-30,5,2911,7,2729.31,7.63,303.8,2628.4,-1.19,n.d.,n.d.,n.d.,0.8,,,,,,,,,,,,,,,,,,,,,,,,,,,
CR5-2-31,5,2911,7.5,2763.06,7.628,333.9,2684.4,-1.44,n.d.,n.d.,n.d.,0.81,,,,,,,,,,,,,,,,,,,,,,,,,,,
CR5-2-32,5,2911,8,2813.2,7.606,304.6,2695.2,-1.56,n.d.,n.d.,n.d.,0.79,,,,,,,,,,,,,,,,,,,,,,,,,,,
CR5-2-33a,5,2911,13,2861.68,n.d.,n.d.,2733.2,n.d.,n.d.,n.d.,n.d.,n.d.,,,,,,,,,,,,,,,,,,,,,,,,,,,
CR5-2-34a,5,2911,14,2879.95,n.d.,n.d.,2668.5,n.d.,n.d.,n.d.,n.d.,n.d.,,,,,,,,,,,,,,,,,,,,,,,,,,,
CR5-2-35,5,2911,15,n.d.,n.d.,n.d.,n.d.,n.d.,n.d.,n.d.,n.d.,n.d.,,,,,,,,,,,,,,,,,,,,,,,,,,,
CR5-2-36a,5,2911,16,2876.39,n.d.,n.d.,2631.7,n.d.,n.d.,n.d.,n.d.,n.d.,,,,,,,,,,,,,,,,,,,,,,,,,,,
CR5-2-37a,5,2911,5.2,2648.89,n.d.,267,2603.1,n.d.,n.d.,n.d.,n.d.,n.d.,,,,,,,,,,,,,,,,,,,,,,,,,,,
CR5-2-39,5,2911,6.2,2763.22,7.631,331.8,2702.7,-1.46,n.d.,n.d.,n.d.,0.82,,,,,,,,,,,,,,,,,,,,,,,,,,,
CR5-2-41a,5,2911,7.2,2822.58,n.d.,n.d.,2558.8,n.d.,n.d.,n.d.,n.d.,n.d.,,,,,,,,,,,,,,,,,,,,,,,,,,,
CR5-2-42a,5,2911,12.2,2869.7,n.d.,n.d.,2690.9,n.d.,n.d.,n.d.,n.d.,n.d.,,,,,,,,,,,,,,,,,,,,,,,,,,,
CR5-2-43a,5,2911,13.2,2902.5,n.d.,366.1,2773.1,n.d.,n.d.,n.d.,n.d.,n.d.,,,,,,,,,,,,,,,,,,,,,,,,,,,
CR5-2-44,5,2911,14.2,n.d.,n.d.,n.d.,n.d.,n.d.,n.d.,n.d.,n.d.,n.d.,,,,,,,,,,,,,,,,,,,,,,,,,,,
CR5-2-45a,5,2911,15.2,2923,n.d.,n.d.,2749.4,n.d.,n.d.,n.d.,n.d.,n.d.,,,,,,,,,,,,,,,,,,,,,,,,,,,
CR5-2-55,5,2911,4.7,n.d.,n.d.,257,2560.2,-0.96,n.d.,10.52,86.66,n.d.,,,,,,,,,,,,,,,,,,,,,,,,,,,
CR5-2-56,5,2911,6.7,2730.41,7.649,315.9,2677.7,-1.28,n.d.,10.55,86.36,0.84,,,,,,,,,,,,,,,,,,,,,,,,,,,
CR5-2-57,5,2911,8.7,2771.41,7.63,333.6,2715.2,-1.56,n.d.,10.57,86.53,0.82,,,,,,,,,,,,,,,,,,,,,,,,,,,
CR5-2-58,5,2911,10.7,n.d.,n.d.,356.7,2745.9,-1.63,n.d.,n.d.,n.d.,n.d.,,,,,,,,,,,,,,,,,,,,,,,,,,,
CR5-2-59,5,2911,12.7,2784.71,7.73,334.5,2692.4,-1.54,n.d.,n.d.,n.d.,1.02,,,,,,,,,,,,,,,,,,,,,,,,,,,
CR5-2-60,5,2911,14.7,2874.83,7.782,378.8,2794.2,-1.93,n.d.,10.55,87.01,1.17,,,,,,,,,,,,,,,,,,,,,,,,,,,
CR5-2-61,5,2911,18.7,2876.88,7.761,394.9,2774.9,-1.93,n.d.,n.d.,n.d.,1.12,,,,,,,,,,,,,,,,,,,,,,,,,,,
CR5-2-62,5,2911,22.9,2889.41,7.775,365,2777,n.d.,n.d.,n.d.,n.d.,1.16,,,,,,,,,,,,,,,,,,,,,,,,,,,